{
  "Original AEGUD": {
    "entropies": [
      0.7515657544136047,
      0.7515657544136047,
      0.7515657544136047,
      0.7515657544136047,
      0.7515657544136047,
      0.7515657544136047,
      0.7515657544136047,
      0.7515657544136047,
      0.7668195962905884,
      0.7668195962905884,
      0.7668195962905884,
      0.7668195962905884,
      0.7668195962905884,
      0.7668195962905884,
      0.7668195962905884,
      0.7668195962905884,
      0.7668195962905884,
      0.7668195962905884,
      0.7778935432434082,
      0.7709994316101074,
      0.7709994316101074,
      0.7751791477203369,
      0.7862532138824463,
      0.7862532138824463,
      0.7862531542778015,
      0.7820733785629272,
      0.8042213320732117,
      0.8042213320732117,
      0.8263693451881409,
      0.8042213916778564,
      0.7557456493377686,
      0.7557455897331238,
      0.8152953386306763,
      0.7931473851203918,
      0.8305491209030151,
      0.8152952790260315,
      0.7515657544136047,
      0.7862532734870911,
      0.7820733785629272,
      0.7599254846572876,
      0.7931473851203918,
      0.7599254250526428,
      0.7599254250526428,
      0.7931473851203918,
      0.8111155033111572,
      0.7889675498008728,
      0.7973271608352661,
      0.8084011077880859,
      0.7862531542778015,
      0.7488514184951782,
      0.8000415563583374
    ],
    "kl_divs": [
      0.9718803763389587,
      0.9718803763389587,
      0.9718803763389587,
      0.9718803763389587,
      0.9718803763389587,
      0.9718803763389587,
      0.9718803763389587,
      0.9718803763389587,
      0.9122071862220764,
      0.9122071266174316,
      0.9122071266174316,
      0.9122071266174316,
      0.9122071266174316,
      0.9122071266174316,
      0.9122071266174316,
      0.9122071266174316,
      0.9122071266174316,
      0.9122071266174316,
      0.8688854575157166,
      0.8958556056022644,
      0.8958556056022644,
      0.8795041441917419,
      0.8361824154853821,
      0.8361824154853821,
      0.8361824154853821,
      0.8525339365005493,
      0.7658905982971191,
      0.7658905386924744,
      0.6792471408843994,
      0.7658905982971191,
      0.9555289149284363,
      0.9555288553237915,
      0.7225688695907593,
      0.8092122077941895,
      0.662895679473877,
      0.7225688695907593,
      0.9718803763389587,
      0.8361824750900269,
      0.8525339365005493,
      0.939177393913269,
      0.8092122077941895,
      0.9391773343086243,
      0.9391773343086243,
      0.8092122077941895,
      0.7389203310012817,
      0.8255637884140015,
      0.792860746383667,
      0.7495390176773071,
      0.8361824154853821,
      0.9824990034103394,
      0.7822420597076416
    ],
    "final_entropy": 0.8000415563583374,
    "final_kl": 0.7822420597076416,
    "converged": false
  },
  "AEGUD + Asymptotic": {
    "entropies": [
      0.7931473851203918,
      0.7931473851203918,
      0.7931473851203918,
      0.7931473851203918,
      0.7931473851203918,
      0.7931473851203918,
      0.7931473851203918,
      0.7931473851203918,
      0.7931473851203918,
      0.7931473851203918,
      0.7931473851203918,
      0.7931473851203918,
      0.7931473851203918,
      0.8042213916778564,
      0.7931473851203918,
      0.7931473851203918,
      0.7931473851203918,
      0.777893602848053,
      0.8000415563583374,
      0.8152953386306763,
      0.8152952790260315,
      0.8263692855834961,
      0.8000415563583374,
      0.8152952790260315,
      0.8042213320732117,
      0.7931473851203918,
      0.7973272204399109,
      0.7778935432434082,
      0.7931473851203918,
      0.8042213320732117,
      0.7820733785629272,
      0.7778935432434082,
      0.7294178009033203,
      0.7641052007675171,
      0.8263693451881409,
      0.8263693451881409,
      0.8042213320732117,
      0.7973271608352661,
      0.7889675498008728,
      0.8152953386306763,
      0.7862532734870911,
      0.7931473851203918,
      0.7820733785629272,
      0.8152953386306763,
      0.7820733785629272,
      0.7557455897331238,
      0.8084011077880859,
      0.7709993720054626,
      0.7889675498008728,
      0.777893602848053,
      0.8084011673927307
    ],
    "kl_divs": [
      0.8092122077941895,
      0.8092122077941895,
      0.8092122077941895,
      0.8092122077941895,
      0.8092122077941895,
      0.8092122077941895,
      0.8092122077941895,
      0.8092122077941895,
      0.8092122077941895,
      0.8092122077941895,
      0.8092122077941895,
      0.8092122077941895,
      0.8092122077941895,
      0.7658905386924744,
      0.8092122077941895,
      0.8092122077941895,
      0.8092122077941895,
      0.8688854575157166,
      0.7822420597076416,
      0.7225688695907593,
      0.7225688695907593,
      0.6792471408843994,
      0.7822420597076416,
      0.7225688695907593,
      0.7658904790878296,
      0.8092122077941895,
      0.792860746383667,
      0.8688855171203613,
      0.8092122077941895,
      0.7658905386924744,
      0.8525339365005493,
      0.8688855171203613,
      1.0585236549377441,
      0.922825813293457,
      0.6792471408843994,
      0.6792471408843994,
      0.7658905386924744,
      0.792860746383667,
      0.8255637884140015,
      0.7225688695907593,
      0.8361824750900269,
      0.8092122077941895,
      0.8525339365005493,
      0.7225688695907593,
      0.8525339365005493,
      0.9555288553237915,
      0.7495390176773071,
      0.8958556056022644,
      0.8255637288093567,
      0.8688854575157166,
      0.7495390176773071
    ],
    "final_entropy": 0.8084011673927307,
    "final_kl": 0.7495390176773071,
    "converged": false
  },
  "AEGUD + Two-Stage": {
    "entropies": [
      0.8194751739501953,
      0.8194751739501953,
      0.8194751739501953,
      0.8194751739501953,
      0.8194751739501953,
      0.8194751739501953,
      0.8194751739501953,
      0.8194751739501953,
      0.8194751739501953,
      0.8194751739501953,
      0.8194751739501953,
      0.8042213320732117,
      0.8042213320732117,
      0.8042213320732117,
      0.8084011673927307,
      0.7973272204399109,
      0.7973272204399109,
      0.7820733785629272,
      0.7931473851203918,
      0.8084011673927307,
      0.7931473851203918,
      0.7820733785629272,
      0.7862531542778015,
      0.7709994316101074,
      0.7862532138824463,
      0.7641052007675171,
      0.7820733189582825,
      0.8152952790260315,
      0.8152953386306763,
      0.7515658140182495,
      0.7820733189582825,
      0.7668195962905884,
      0.7737137675285339,
      0.7668196558952332,
      0.757906973361969,
      0.8194752335548401,
      0.7419572472572327,
      0.8194751739501953,
      0.7557455897331238,
      0.7931473851203918,
      0.744671642780304,
      0.7737137675285339,
      0.7709994316101074,
      0.8000415563583374,
      0.728864848613739,
      0.7198092937469482,
      0.8000414967536926,
      0.8305491209030151,
      0.8111155033111572,
      0.7862531542778015,
      0.7778936624526978
    ],