{
  "Original AEGUD": {
    "entropies": [
      0.8000414967536926,
      0.8000414967536926,
      0.8000414967536926,
      0.8000414967536926,
      0.8000414967536926,
      0.8000414967536926,
      0.8000414967536926,
      0.811115562915802,
      0.8000415563583374,
      0.7931473851203918,
      0.7889675498008728,
      0.8000416159629822,
      0.8084011673927307,
      0.8416231274604797,
      0.7820733785629272,
      0.7889675498008728,
      0.7377774119377136,
      0.7820733785629272,
      0.7668195962905884,
      0.7820733785629272,
      0.7709994316101074
    ],
    "kl_divs": [
      0.7822420001029968,
      0.7822420001029968,
      0.7822420001029968,
      0.7822420001029968,
      0.7822420001029968,
      0.7822420001029968,
      0.7822420001029968,
      0.7389203310012817,
      0.7822420597076416,
      0.809212327003479,
      0.8255637288093567,
      0.7822420597076416,
      0.7495390176773071,
      0.6195739507675171,
      0.8525339365005493,
      0.8255637288093567,
      1.0258207321166992,
      0.8525339365005493,
      0.9122071266174316,
      0.8525338768959045,
      0.8958556652069092
    ],
    "final_entropy": 0.7709994316101074,
    "final_kl": 0.8958556652069092,
    "converged": false
  },
  "AEGUD + Asymptotic": {
    "entropies": [
      0.7847877740859985,
      0.7847877740859985,
      0.7847877740859985,
      0.7847877740859985,
      0.7847877740859985,
      0.7847877740859985,
      0.7889675498008728,
      0.7889675498008728,
      0.7889675498008728,
      0.8042213320732117,
      0.8194751739501953,
      0.7626397013664246,
      0.7931473851203918,
      0.7931473851203918,
      0.7557455897331238,
      0.8305491209030151,
      0.7931473851203918,
      0.7931473851203918,
      0.7446715831756592,
      0.8042213320732117,
      0.8194751739501953
    ],
    "kl_divs": [
      0.8419152498245239,
      0.8419152498245239,
      0.8419152498245239,
      0.8419152498245239,
      0.8419152498245239,
      0.8419152498245239,
      0.8255637884140015,
      0.8255637884140015,
      0.8255637884140015,
      0.7658905386924744,
      0.706217348575592,
      0.9285586476325989,
      0.8092122673988342,
      0.8092122077941895,
      0.9555288553237915,
      0.6628956198692322,
      0.8092122077941895,
      0.8092122673988342,
      0.9988504648208618,
      0.7658905386924744,
      0.7062172889709473
    ],
    "final_entropy": 0.8194751739501953,
    "final_kl": 0.7062172889709473,
    "converged": false
  },
  "AEGUD + Two-Stage": {
    "entropies": [
      0.7557455897331238,
      0.7557455897331238,
      0.7557455897331238,
      0.7557455897331238,
      0.7557455897331238,
      0.7557455897331238,
      0.7557455897331238,
      0.7557455897331238,
      0.7668195962905884,
      0.7820733785629272,
      0.7820733785629272,
      0.7973271012306213,
      0.8152953386306763,
      0.7862531542778015,
      0.7820733785629272,
      0.8042213916778564,
      0.7709994316101074,
      0.7778935432434082,
      0.7737137675285339,
      0.8263692855834961,
      0.7751792073249817
    ],
    "kl_divs": [
      0.9555288553237915,
      0.9555288553237915,
      0.9555288553237915,
      0.9555288553237915,
      0.9555288553237915,
      0.9555288553237915,
      0.9555288553237915,
      0.9555288553237915,
      0.9122071862220764,
      0.8525339365005493,
      0.8525339365005493,
      0.792860746383667,
      0.7225688695907593,
      0.8361824750900269,
      0.8525339365005493,
      0.7658905982971191,
      0.8958556652069092,
      0.8688853979110718,
      0.8852369785308838,
      0.6792471408843994,
      0.8795041441917419
    ],
    "final_entropy": 0.7751792073249817,
    "final_kl": 0.8795041441917419,
    "converged": false
  },
  "AEGUD + All Features": {
    "entropies": [
      0.8042213320732117,
      0.8042213320732117,
      0.8042213320732117,
      0.8042213320732117,
      0.8042213320732117,
      0.8042213320732117,
      0.8042213320732117,
      0.8042213320732117,
      0.8042213320732117,
      0.8042213320732117,
      0.788967490196228,
      0.8152953386306763,
      0.8000416159629822,
      0.7668195962905884,
      0.8000415563583374,
      0.8263692855834961,
      0.7889675498008728,
      0.8084011673927307,
      0.7668195962905884,
      0.7473859190940857,
      0.7820733785629272
    ],
    "kl_divs": [
      0.7658904790878296,
      0.7658904790878296,
      0.7658904790878296,
      0.7658904790878296,
      0.7658904790878296,
      0.7658904790878296,
      0.7658904790878296,
      0.7658904790878296,
      0.7658904790878296,
      0.7658904790878296,
      0.8255637884140015,
      0.7225688099861145,
      0.7822420597076416,
      0.9122071266174316,
      0.7822420001029968,
      0.6792471408843994,
      0.8255637884140015,
      0.7495390176773071,
      0.9122071862220764,
      0.9882318377494812,
      0.8525339961051941
    ],
    "final_entropy": 0.7820733785629272,
    "final_kl": 0.8525339961051941,
    "converged": false
  }
}